user_id,product_id,asset_class,risk_level,expected_return,volatility,recommended_weight,personalized_risk_aversion
U001,P113,cash_equivalents,R2,0.014,0.003,0.1618,1.6800000000000002
U001,P116,cash_equivalents,R2,0.012,0.003,0.15,1.6800000000000002
U001,P118,cash_equivalents,R2,0.011,0.002,0.1469,1.6800000000000002
U001,P022,equities,R2,0.085,0.153,0.0817,1.6800000000000002
U001,P082,equities,R2,0.085,0.153,0.0817,1.6800000000000002
U001,P052,alternative_assets,R2,0.085,0.153,0.0817,1.6800000000000002
U001,P097,fixed_income,R2,0.102,0.185,0.0741,1.6800000000000002
U001,P007,cash_equivalents,R2,0.102,0.185,0.0741,1.6800000000000002
U001,P067,cash_equivalents,R2,0.102,0.185,0.0741,1.6800000000000002
U001,P037,fixed_income,R2,0.102,0.185,0.0741,1.6800000000000002
U002,P046,equities,R1,0.051,0.038,0.2996,5.0
U002,P001,fixed_income,R1,0.042,0.021,0.2379,5.0
U002,P031,cash_equivalents,R1,0.042,0.021,0.2379,5.0
U002,P016,alternative_assets,R1,0.051,0.038,0.2245,5.0
U003,P113,cash_equivalents,R2,0.014,0.003,0.1462,2.0000000000000004
U003,P116,cash_equivalents,R2,0.012,0.003,0.132,2.0000000000000004
U003,P118,cash_equivalents,R2,0.011,0.002,0.1281,2.0000000000000004
U003,P082,equities,R2,0.085,0.153,0.0886,2.0000000000000004
U003,P052,alternative_assets,R2,0.085,0.153,0.0886,2.0000000000000004
U003,P022,equities,R2,0.085,0.153,0.0886,2.0000000000000004
U003,P037,fixed_income,R2,0.102,0.185,0.0819,2.0000000000000004
U003,P007,cash_equivalents,R2,0.102,0.185,0.0819,2.0000000000000004
U003,P067,cash_equivalents,R2,0.102,0.185,0.0819,2.0000000000000004
U003,P097,fixed_income,R2,0.102,0.185,0.0819,2.0000000000000004
U004,P056,alternative_assets,R1,0.051,0.038,0.1667,4.224000000000001
U004,P026,equities,R1,0.051,0.038,0.1667,4.224000000000001
U004,P086,equities,R1,0.051,0.038,0.1667,4.224000000000001
U004,P016,alternative_assets,R1,0.051,0.038,0.1667,4.224000000000001
U004,P046,equities,R1,0.051,0.038,0.1667,4.224000000000001
U004,P076,alternative_assets,R1,0.051,0.038,0.1667,4.224000000000001
U006,P022,equities,R2,0.085,0.153,0.1559,1.6800000000000002
U006,P082,equities,R2,0.085,0.153,0.1559,1.6800000000000002
U006,P113,cash_equivalents,R2,0.014,0.003,0.1085,1.6800000000000002
U006,P116,cash_equivalents,R2,0.012,0.003,0.0931,1.6800000000000002
U006,P118,cash_equivalents,R2,0.011,0.002,0.0887,1.6800000000000002
U006,P052,alternative_assets,R2,0.085,0.153,0.0826,1.6800000000000002
U006,P097,fixed_income,R2,0.102,0.185,0.0788,1.6800000000000002
U006,P037,fixed_income,R2,0.102,0.185,0.0788,1.6800000000000002
U006,P007,cash_equivalents,R2,0.102,0.185,0.0788,1.6800000000000002
U006,P067,cash_equivalents,R2,0.102,0.185,0.0788,1.6800000000000002
U007,P046,equities,R1,0.051,0.038,0.305,4.752000000000002
U007,P076,alternative_assets,R1,0.051,0.038,0.2537,4.752000000000002
U007,P016,alternative_assets,R1,0.051,0.038,0.2537,4.752000000000002
U007,P001,fixed_income,R1,0.042,0.021,0.0625,4.752000000000002
U007,P061,fixed_income,R1,0.042,0.021,0.0625,4.752000000000002
U007,P031,cash_equivalents,R1,0.042,0.021,0.0625,4.752000000000002
U008,P079,cash_equivalents,R4,0.063,0.052,0.1639,0.8333333333333335
U008,P019,cash_equivalents,R4,0.063,0.052,0.1639,0.8333333333333335
U008,P049,fixed_income,R4,0.063,0.052,0.1639,0.8333333333333335
U008,P040,alternative_assets,R5,0.145,0.269,0.08,0.8333333333333335
U008,P070,equities,R5,0.145,0.269,0.08,0.8333333333333335
U008,P010,equities,R5,0.145,0.269,0.08,0.8333333333333335
U008,P100,alternative_assets,R5,0.145,0.269,0.08,0.8333333333333335
U008,P013,fixed_income,R3,0.123,0.227,0.0627,0.8333333333333335
U008,P043,cash_equivalents,R3,0.123,0.227,0.0627,0.8333333333333335
U008,P073,fixed_income,R3,0.123,0.227,0.0627,0.8333333333333335
U009,P112,fixed_income,R2,0.026,0.022,0.5329,2.228571428571429
U009,P115,fixed_income,R2,0.027,0.025,0.4671,2.228571428571429
U010,P013,fixed_income,R3,0.123,0.227,0.1737,0.8750000000000001
U010,P073,fixed_income,R3,0.123,0.227,0.1737,0.8750000000000001
U010,P043,cash_equivalents,R3,0.123,0.227,0.1737,0.8750000000000001
U010,P088,alternative_assets,R3,0.078,0.163,0.1225,0.8750000000000001
U010,P058,equities,R3,0.078,0.163,0.1225,0.8750000000000001
U010,P019,cash_equivalents,R4,0.063,0.052,0.117,0.8750000000000001
U010,P079,cash_equivalents,R4,0.063,0.052,0.117,0.8750000000000001
U011,P082,equities,R2,0.085,0.153,0.1728,1.2000000000000002
U011,P022,equities,R2,0.085,0.153,0.1728,1.2000000000000002
U011,P113,cash_equivalents,R2,0.014,0.003,0.1721,1.2000000000000002
U011,P116,cash_equivalents,R2,0.012,0.003,0.1603,1.2000000000000002
U011,P118,cash_equivalents,R2,0.011,0.002,0.1574,1.2000000000000002
U011,P058,equities,R3,0.078,0.163,0.0898,1.2000000000000002
U011,P052,alternative_assets,R2,0.085,0.153,0.0748,1.2000000000000002
U012,P056,alternative_assets,R1,0.051,0.038,0.1667,5.0
U012,P016,alternative_assets,R1,0.051,0.038,0.1667,5.0
U012,P076,alternative_assets,R1,0.051,0.038,0.1667,5.0
U012,P046,equities,R1,0.051,0.038,0.1667,5.0
U012,P086,equities,R1,0.051,0.038,0.1667,5.0
U012,P026,equities,R1,0.051,0.038,0.1667,5.0
U013,P079,cash_equivalents,R4,0.063,0.052,0.1636,1.0000000000000002
U013,P019,cash_equivalents,R4,0.063,0.052,0.1636,1.0000000000000002
U013,P049,fixed_income,R4,0.063,0.052,0.1636,1.0000000000000002
U013,P070,equities,R5,0.145,0.269,0.0796,1.0000000000000002
U013,P040,alternative_assets,R5,0.145,0.269,0.0796,1.0000000000000002
U013,P100,alternative_assets,R5,0.145,0.269,0.0796,1.0000000000000002
U013,P010,equities,R5,0.145,0.269,0.0796,1.0000000000000002
U013,P013,fixed_income,R3,0.123,0.227,0.0635,1.0000000000000002
U013,P073,fixed_income,R3,0.123,0.227,0.0635,1.0000000000000002
U013,P043,cash_equivalents,R3,0.123,0.227,0.0635,1.0000000000000002
U014,P022,equities,R2,0.085,0.153,0.1493,1.4000000000000004
U014,P082,equities,R2,0.085,0.153,0.1493,1.4000000000000004
U014,P113,cash_equivalents,R2,0.014,0.003,0.1304,1.4000000000000004
U014,P116,cash_equivalents,R2,0.012,0.003,0.1184,1.4000000000000004
U014,P118,cash_equivalents,R2,0.011,0.002,0.1153,1.4000000000000004
U014,P058,equities,R3,0.078,0.163,0.0719,1.4000000000000004
U014,P052,alternative_assets,R2,0.085,0.153,0.0703,1.4000000000000004
U014,P067,cash_equivalents,R2,0.102,0.185,0.065,1.4000000000000004
U014,P097,fixed_income,R2,0.102,0.185,0.065,1.4000000000000004
U014,P037,fixed_income,R2,0.102,0.185,0.065,1.4000000000000004
U015,P113,cash_equivalents,R2,0.014,0.003,0.1462,2.0000000000000004
U015,P116,cash_equivalents,R2,0.012,0.003,0.132,2.0000000000000004
U015,P118,cash_equivalents,R2,0.011,0.002,0.1281,2.0000000000000004
U015,P082,equities,R2,0.085,0.153,0.0886,2.0000000000000004
U015,P052,alternative_assets,R2,0.085,0.153,0.0886,2.0000000000000004
U015,P022,equities,R2,0.085,0.153,0.0886,2.0000000000000004
U015,P037,fixed_income,R2,0.102,0.185,0.0819,2.0000000000000004
U015,P007,cash_equivalents,R2,0.102,0.185,0.0819,2.0000000000000004
U015,P067,cash_equivalents,R2,0.102,0.185,0.0819,2.0000000000000004
U015,P097,fixed_income,R2,0.102,0.185,0.0819,2.0000000000000004
U016,P046,equities,R1,0.051,0.038,0.305,4.752000000000002
U016,P076,alternative_assets,R1,0.051,0.038,0.2537,4.752000000000002
U016,P016,alternative_assets,R1,0.051,0.038,0.2537,4.752000000000002
U016,P001,fixed_income,R1,0.042,0.021,0.0625,4.752000000000002
U016,P061,fixed_income,R1,0.042,0.021,0.0625,4.752000000000002
U016,P031,cash_equivalents,R1,0.042,0.021,0.0625,4.752000000000002
U017,P086,equities,R1,0.051,0.038,0.1667,4.224000000000001
U017,P076,alternative_assets,R1,0.051,0.038,0.1667,4.224000000000001
U017,P026,equities,R1,0.051,0.038,0.1667,4.224000000000001
U017,P056,alternative_assets,R1,0.051,0.038,0.1667,4.224000000000001
U017,P016,alternative_assets,R1,0.051,0.038,0.1667,4.224000000000001
U017,P046,equities,R1,0.051,0.038,0.1667,4.224000000000001
U019,P022,equities,R2,0.085,0.153,0.1493,1.4000000000000004
U019,P082,equities,R2,0.085,0.153,0.1493,1.4000000000000004
U019,P113,cash_equivalents,R2,0.014,0.003,0.1304,1.4000000000000004
U019,P116,cash_equivalents,R2,0.012,0.003,0.1184,1.4000000000000004
U019,P118,cash_equivalents,R2,0.011,0.002,0.1153,1.4000000000000004
U019,P058,equities,R3,0.078,0.163,0.0719,1.4000000000000004
U019,P052,alternative_assets,R2,0.085,0.153,0.0703,1.4000000000000004
U019,P067,cash_equivalents,R2,0.102,0.185,0.065,1.4000000000000004
U019,P097,fixed_income,R2,0.102,0.185,0.065,1.4000000000000004
U019,P037,fixed_income,R2,0.102,0.185,0.065,1.4000000000000004
U020,P016,alternative_assets,R1,0.051,0.038,0.1667,3.8400000000000007
U020,P086,equities,R1,0.051,0.038,0.1667,3.8400000000000007
U020,P056,alternative_assets,R1,0.051,0.038,0.1667,3.8400000000000007
U020,P076,alternative_assets,R1,0.051,0.038,0.1667,3.8400000000000007
U020,P046,equities,R1,0.051,0.038,0.1667,3.8400000000000007
U020,P026,equities,R1,0.051,0.038,0.1667,3.8400000000000007
U021,P070,equities,R5,0.145,0.269,0.1566,0.7000000000000002
U021,P010,equities,R5,0.145,0.269,0.1566,0.7000000000000002
U021,P040,alternative_assets,R5,0.145,0.269,0.1046,0.7000000000000002
U021,P100,alternative_assets,R5,0.145,0.269,0.1046,0.7000000000000002
U021,P073,fixed_income,R3,0.123,0.227,0.0827,0.7000000000000002
U021,P043,cash_equivalents,R3,0.123,0.227,0.0827,0.7000000000000002
U021,P013,fixed_income,R3,0.123,0.227,0.0827,0.7000000000000002
U021,P019,cash_equivalents,R4,0.063,0.052,0.0765,0.7000000000000002
U021,P049,fixed_income,R4,0.063,0.052,0.0765,0.7000000000000002
U021,P079,cash_equivalents,R4,0.063,0.052,0.0765,0.7000000000000002
U022,P113,cash_equivalents,R2,0.014,0.003,0.1462,2.0000000000000004
U022,P116,cash_equivalents,R2,0.012,0.003,0.132,2.0000000000000004
U022,P118,cash_equivalents,R2,0.011,0.002,0.1281,2.0000000000000004
U022,P082,equities,R2,0.085,0.153,0.0886,2.0000000000000004
U022,P052,alternative_assets,R2,0.085,0.153,0.0886,2.0000000000000004
U022,P022,equities,R2,0.085,0.153,0.0886,2.0000000000000004
U022,P037,fixed_income,R2,0.102,0.185,0.0819,2.0000000000000004
U022,P007,cash_equivalents,R2,0.102,0.185,0.0819,2.0000000000000004
U022,P067,cash_equivalents,R2,0.102,0.185,0.0819,2.0000000000000004
U022,P097,fixed_income,R2,0.102,0.185,0.0819,2.0000000000000004
U023,P046,equities,R1,0.051,0.038,0.2996,5.0
U023,P001,fixed_income,R1,0.042,0.021,0.2379,5.0
U023,P031,cash_equivalents,R1,0.042,0.021,0.2379,5.0
U023,P016,alternative_assets,R1,0.051,0.038,0.2245,5.0
U024,P026,equities,R1,0.051,0.038,0.1111,5.0
U024,P036,alternative_assets,R1,0.051,0.038,0.1111,5.0
U024,P076,alternative_assets,R1,0.051,0.038,0.1111,5.0
U024,P016,alternative_assets,R1,0.051,0.038,0.1111,5.0
U024,P046,equities,R1,0.051,0.038,0.1111,5.0
U024,P056,alternative_assets,R1,0.051,0.038,0.1111,5.0
U024,P066,equities,R1,0.051,0.038,0.1111,5.0
U024,P096,alternative_assets,R1,0.051,0.038,0.1111,5.0
U024,P006,equities,R1,0.051,0.038,0.1111,5.0
U025,P079,cash_equivalents,R4,0.063,0.052,0.1621,0.5833333333333334
U025,P049,fixed_income,R4,0.063,0.052,0.1621,0.5833333333333334
U025,P019,cash_equivalents,R4,0.063,0.052,0.1621,0.5833333333333334
U025,P100,alternative_assets,R5,0.145,0.269,0.0756,0.5833333333333334
U025,P010,equities,R5,0.145,0.269,0.0756,0.5833333333333334
U025,P040,alternative_assets,R5,0.145,0.269,0.0756,0.5833333333333334
U025,P070,equities,R5,0.145,0.269,0.0756,0.5833333333333334
U025,P043,cash_equivalents,R3,0.123,0.227,0.0704,0.5833333333333334
U025,P073,fixed_income,R3,0.123,0.227,0.0704,0.5833333333333334
U025,P013,fixed_income,R3,0.123,0.227,0.0704,0.5833333333333334
U026,P082,equities,R2,0.085,0.153,0.1728,1.2000000000000002
U026,P022,equities,R2,0.085,0.153,0.1728,1.2000000000000002
U026,P113,cash_equivalents,R2,0.014,0.003,0.1721,1.2000000000000002
U026,P116,cash_equivalents,R2,0.012,0.003,0.1603,1.2000000000000002
U026,P118,cash_equivalents,R2,0.011,0.002,0.1574,1.2000000000000002
U026,P058,equities,R3,0.078,0.163,0.0898,1.2000000000000002
U026,P052,alternative_assets,R2,0.085,0.153,0.0748,1.2000000000000002
U027,P112,fixed_income,R2,0.026,0.022,0.5329,1.7142857142857146
U027,P115,fixed_income,R2,0.027,0.025,0.4671,1.7142857142857146
U028,P049,fixed_income,R4,0.063,0.052,0.1622,0.7000000000000002
U028,P019,cash_equivalents,R4,0.063,0.052,0.1622,0.7000000000000002
U028,P079,cash_equivalents,R4,0.063,0.052,0.1622,0.7000000000000002
U028,P100,alternative_assets,R5,0.145,0.269,0.0763,0.7000000000000002
U028,P040,alternative_assets,R5,0.145,0.269,0.0763,0.7000000000000002
U028,P070,equities,R5,0.145,0.269,0.0763,0.7000000000000002
U028,P010,equities,R5,0.145,0.269,0.0763,0.7000000000000002
U028,P073,fixed_income,R3,0.123,0.227,0.0695,0.7000000000000002
U028,P043,cash_equivalents,R3,0.123,0.227,0.0695,0.7000000000000002
U028,P013,fixed_income,R3,0.123,0.227,0.0695,0.7000000000000002
U029,P082,equities,R2,0.085,0.153,0.1729,1.4000000000000004
U029,P022,equities,R2,0.085,0.153,0.1729,1.4000000000000004
U029,P113,cash_equivalents,R2,0.014,0.003,0.1723,1.4000000000000004
U029,P116,cash_equivalents,R2,0.012,0.003,0.1602,1.4000000000000004
U029,P118,cash_equivalents,R2,0.011,0.002,0.1572,1.4000000000000004
U029,P058,equities,R3,0.078,0.163,0.0897,1.4000000000000004
U029,P052,alternative_assets,R2,0.085,0.153,0.0748,1.4000000000000004
U030,P056,alternative_assets,R1,0.051,0.038,0.1667,4.224000000000001
U030,P026,equities,R1,0.051,0.038,0.1667,4.224000000000001
U030,P086,equities,R1,0.051,0.038,0.1667,4.224000000000001
U030,P016,alternative_assets,R1,0.051,0.038,0.1667,4.224000000000001
U030,P046,equities,R1,0.051,0.038,0.1667,4.224000000000001
U030,P076,alternative_assets,R1,0.051,0.038,0.1667,4.224000000000001
U031,P079,cash_equivalents,R4,0.063,0.052,0.1639,0.8333333333333335
U031,P019,cash_equivalents,R4,0.063,0.052,0.1639,0.8333333333333335
U031,P049,fixed_income,R4,0.063,0.052,0.1639,0.8333333333333335
U031,P040,alternative_assets,R5,0.145,0.269,0.08,0.8333333333333335
U031,P070,equities,R5,0.145,0.269,0.08,0.8333333333333335
U031,P010,equities,R5,0.145,0.269,0.08,0.8333333333333335
U031,P100,alternative_assets,R5,0.145,0.269,0.08,0.8333333333333335
U031,P013,fixed_income,R3,0.123,0.227,0.0627,0.8333333333333335
U031,P043,cash_equivalents,R3,0.123,0.227,0.0627,0.8333333333333335
U031,P073,fixed_income,R3,0.123,0.227,0.0627,0.8333333333333335
U032,P046,equities,R1,0.051,0.038,0.305,4.752000000000002
U032,P076,alternative_assets,R1,0.051,0.038,0.2537,4.752000000000002
U032,P016,alternative_assets,R1,0.051,0.038,0.2537,4.752000000000002
U032,P001,fixed_income,R1,0.042,0.021,0.0625,4.752000000000002
U032,P061,fixed_income,R1,0.042,0.021,0.0625,4.752000000000002
U032,P031,cash_equivalents,R1,0.042,0.021,0.0625,4.752000000000002
U033,P113,cash_equivalents,R2,0.014,0.003,0.3612,3.1200000000000006
U033,P052,alternative_assets,R2,0.085,0.153,0.077,3.1200000000000006
U033,P022,equities,R2,0.085,0.153,0.077,3.1200000000000006
U033,P082,equities,R2,0.085,0.153,0.077,3.1200000000000006
U033,P067,cash_equivalents,R2,0.102,0.185,0.072,3.1200000000000006
U033,P097,fixed_income,R2,0.102,0.185,0.072,3.1200000000000006
U033,P037,fixed_income,R2,0.102,0.185,0.072,3.1200000000000006
U033,P007,cash_equivalents,R2,0.102,0.185,0.072,3.1200000000000006
U033,P013,fixed_income,R3,0.123,0.227,0.06,3.1200000000000006
U033,P073,fixed_income,R3,0.123,0.227,0.06,3.1200000000000006
U035,P076,alternative_assets,R1,0.051,0.038,0.1667,5.0
U035,P016,alternative_assets,R1,0.051,0.038,0.1667,5.0
U035,P056,alternative_assets,R1,0.051,0.038,0.1667,5.0
U035,P026,equities,R1,0.051,0.038,0.1667,5.0
U035,P046,equities,R1,0.051,0.038,0.1667,5.0
U035,P086,equities,R1,0.051,0.038,0.1667,5.0
U036,P113,cash_equivalents,R2,0.014,0.003,0.1456,1.4000000000000004
U036,P116,cash_equivalents,R2,0.012,0.003,0.1324,1.4000000000000004
U036,P118,cash_equivalents,R2,0.011,0.002,0.1287,1.4000000000000004
U036,P052,alternative_assets,R2,0.085,0.153,0.0885,1.4000000000000004
U036,P022,equities,R2,0.085,0.153,0.0885,1.4000000000000004
U036,P082,equities,R2,0.085,0.153,0.0885,1.4000000000000004
U036,P067,cash_equivalents,R2,0.102,0.185,0.0819,1.4000000000000004
U036,P007,cash_equivalents,R2,0.102,0.185,0.0819,1.4000000000000004
U036,P037,fixed_income,R2,0.102,0.185,0.0819,1.4000000000000004
U036,P097,fixed_income,R2,0.102,0.185,0.0819,1.4000000000000004
U037,P076,alternative_assets,R1,0.051,0.038,0.3352,4.752000000000002
U037,P016,alternative_assets,R1,0.051,0.038,0.3352,4.752000000000002
U037,P046,equities,R1,0.051,0.038,0.3295,4.752000000000002
U038,P112,fixed_income,R2,0.026,0.022,0.5329,1.7142857142857146
U038,P115,fixed_income,R2,0.027,0.025,0.4671,1.7142857142857146
U039,P019,cash_equivalents,R4,0.063,0.052,0.1746,0.7000000000000002
U039,P049,fixed_income,R4,0.063,0.052,0.1746,0.7000000000000002
U039,P079,cash_equivalents,R4,0.063,0.052,0.1746,0.7000000000000002
U039,P070,equities,R5,0.145,0.269,0.1584,0.7000000000000002
U039,P010,equities,R5,0.145,0.269,0.1584,0.7000000000000002
U039,P040,alternative_assets,R5,0.145,0.269,0.0798,0.7000000000000002
U039,P100,alternative_assets,R5,0.145,0.269,0.0798,0.7000000000000002
U040,P112,fixed_income,R2,0.026,0.022,0.5324,1.4000000000000004
U040,P115,fixed_income,R2,0.027,0.025,0.4676,1.4000000000000004
U041,P046,equities,R1,0.051,0.038,0.2996,5.0
U041,P001,fixed_income,R1,0.042,0.021,0.2379,5.0
U041,P031,cash_equivalents,R1,0.042,0.021,0.2379,5.0
U041,P016,alternative_assets,R1,0.051,0.038,0.2245,5.0
U042,P112,fixed_income,R2,0.026,0.022,0.5331,2.6000000000000005
U042,P115,fixed_income,R2,0.027,0.025,0.4669,2.6000000000000005
U043,P049,fixed_income,R4,0.063,0.052,0.1622,0.7000000000000002
U043,P019,cash_equivalents,R4,0.063,0.052,0.1622,0.7000000000000002
U043,P079,cash_equivalents,R4,0.063,0.052,0.1622,0.7000000000000002
U043,P100,alternative_assets,R5,0.145,0.269,0.0763,0.7000000000000002
U043,P040,alternative_assets,R5,0.145,0.269,0.0763,0.7000000000000002
U043,P070,equities,R5,0.145,0.269,0.0763,0.7000000000000002
U043,P010,equities,R5,0.145,0.269,0.0763,0.7000000000000002
U043,P073,fixed_income,R3,0.123,0.227,0.0695,0.7000000000000002
U043,P043,cash_equivalents,R3,0.123,0.227,0.0695,0.7000000000000002
U043,P013,fixed_income,R3,0.123,0.227,0.0695,0.7000000000000002
U044,P113,cash_equivalents,R2,0.014,0.003,0.1976,1.6800000000000002
U044,P116,cash_equivalents,R2,0.012,0.003,0.1882,1.6800000000000002
U044,P118,cash_equivalents,R2,0.011,0.002,0.1862,1.6800000000000002
U044,P082,equities,R2,0.085,0.153,0.1664,1.6800000000000002
U044,P022,equities,R2,0.085,0.153,0.1664,1.6800000000000002
U044,P058,equities,R3,0.078,0.163,0.0952,1.6800000000000002
U045,P006,equities,R1,0.051,0.038,0.1111,4.224000000000001
U045,P066,equities,R1,0.051,0.038,0.1111,4.224000000000001
U045,P026,equities,R1,0.051,0.038,0.1111,4.224000000000001
U045,P076,alternative_assets,R1,0.051,0.038,0.1111,4.224000000000001
U045,P016,alternative_assets,R1,0.051,0.038,0.1111,4.224000000000001
U045,P046,equities,R1,0.051,0.038,0.1111,4.224000000000001
U045,P096,alternative_assets,R1,0.051,0.038,0.1111,4.224000000000001
U045,P036,alternative_assets,R1,0.051,0.038,0.1111,4.224000000000001
U045,P056,alternative_assets,R1,0.051,0.038,0.1111,4.224000000000001
U046,P040,alternative_assets,R5,0.145,0.269,0.1169,0.8333333333333335
U046,P070,equities,R5,0.145,0.269,0.1169,0.8333333333333335
U046,P100,alternative_assets,R5,0.145,0.269,0.1169,0.8333333333333335
U046,P010,equities,R5,0.145,0.269,0.1169,0.8333333333333335
U046,P073,fixed_income,R3,0.123,0.227,0.0966,0.8333333333333335
U046,P013,fixed_income,R3,0.123,0.227,0.0966,0.8333333333333335
U046,P043,cash_equivalents,R3,0.123,0.227,0.0966,0.8333333333333335
U046,P019,cash_equivalents,R4,0.063,0.052,0.0809,0.8333333333333335
U046,P049,fixed_income,R4,0.063,0.052,0.0809,0.8333333333333335
U046,P079,cash_equivalents,R4,0.063,0.052,0.0809,0.8333333333333335
U047,P113,cash_equivalents,R2,0.014,0.003,0.1972,1.2000000000000002
U047,P116,cash_equivalents,R2,0.012,0.003,0.1884,1.2000000000000002
U047,P118,cash_equivalents,R2,0.011,0.002,0.1866,1.2000000000000002
U047,P022,equities,R2,0.085,0.153,0.1662,1.2000000000000002
U047,P082,equities,R2,0.085,0.153,0.1662,1.2000000000000002
U047,P058,equities,R3,0.078,0.163,0.0956,1.2000000000000002
U048,P112,fixed_income,R2,0.026,0.022,0.5329,1.7142857142857146
U048,P115,fixed_income,R2,0.027,0.025,0.4671,1.7142857142857146
U050,P046,equities,R1,0.051,0.038,0.305,4.752000000000002
U050,P076,alternative_assets,R1,0.051,0.038,0.2537,4.752000000000002
U050,P016,alternative_assets,R1,0.051,0.038,0.2537,4.752000000000002
U050,P001,fixed_income,R1,0.042,0.021,0.0625,4.752000000000002
U050,P061,fixed_income,R1,0.042,0.021,0.0625,4.752000000000002
U050,P031,cash_equivalents,R1,0.042,0.021,0.0625,4.752000000000002
U051,P010,equities,R5,0.145,0.269,0.1517,0.5833333333333334
U051,P070,equities,R5,0.145,0.269,0.1517,0.5833333333333334
U051,P049,fixed_income,R4,0.063,0.052,0.1061,0.5833333333333334
U051,P019,cash_equivalents,R4,0.063,0.052,0.1061,0.5833333333333334
U051,P079,cash_equivalents,R4,0.063,0.052,0.1061,0.5833333333333334
U051,P040,alternative_assets,R5,0.145,0.269,0.0842,0.5833333333333334
U051,P100,alternative_assets,R5,0.145,0.269,0.0842,0.5833333333333334
U051,P073,fixed_income,R3,0.123,0.227,0.07,0.5833333333333334
U051,P013,fixed_income,R3,0.123,0.227,0.07,0.5833333333333334
U051,P043,cash_equivalents,R3,0.123,0.227,0.07,0.5833333333333334
U052,P112,fixed_income,R2,0.026,0.022,0.5329,1.7142857142857146
U052,P115,fixed_income,R2,0.027,0.025,0.4671,1.7142857142857146
U053,P096,alternative_assets,R1,0.051,0.038,0.1111,5.0
U053,P046,equities,R1,0.051,0.038,0.1111,5.0
U053,P006,equities,R1,0.051,0.038,0.1111,5.0
U053,P036,alternative_assets,R1,0.051,0.038,0.1111,5.0
U053,P076,alternative_assets,R1,0.051,0.038,0.1111,5.0
U053,P056,alternative_assets,R1,0.051,0.038,0.1111,5.0
U053,P026,equities,R1,0.051,0.038,0.1111,5.0
U053,P066,equities,R1,0.051,0.038,0.1111,5.0
U053,P016,alternative_assets,R1,0.051,0.038,0.1111,5.0
U054,P010,equities,R5,0.145,0.269,0.1695,0.6250000000000001
U054,P019,cash_equivalents,R4,0.063,0.052,0.1558,0.6250000000000001
U054,P079,cash_equivalents,R4,0.063,0.052,0.1558,0.6250000000000001
U054,P040,alternative_assets,R5,0.145,0.269,0.0893,0.6250000000000001
U054,P100,alternative_assets,R5,0.145,0.269,0.0893,0.6250000000000001
U054,P073,fixed_income,R3,0.123,0.227,0.0739,0.6250000000000001
U054,P013,fixed_income,R3,0.123,0.227,0.0739,0.6250000000000001
U054,P043,cash_equivalents,R3,0.123,0.227,0.0739,0.6250000000000001
U054,P094,equities,R4,0.028,0.005,0.0593,0.6250000000000001
U054,P034,equities,R4,0.028,0.005,0.0593,0.6250000000000001
U055,P112,fixed_income,R2,0.026,0.022,0.5298,2.6000000000000005
U055,P115,fixed_income,R2,0.027,0.025,0.4702,2.6000000000000005
U056,P016,alternative_assets,R1,0.051,0.038,0.3333,4.320000000000001
U056,P046,equities,R1,0.051,0.038,0.3333,4.320000000000001
U056,P076,alternative_assets,R1,0.051,0.038,0.3333,4.320000000000001
U057,P049,fixed_income,R4,0.063,0.052,0.1744,0.5833333333333334
U057,P019,cash_equivalents,R4,0.063,0.052,0.1744,0.5833333333333334
U057,P079,cash_equivalents,R4,0.063,0.052,0.1744,0.5833333333333334
U057,P010,equities,R5,0.145,0.269,0.1584,0.5833333333333334
U057,P070,equities,R5,0.145,0.269,0.1584,0.5833333333333334
U057,P100,alternative_assets,R5,0.145,0.269,0.08,0.5833333333333334
U057,P040,alternative_assets,R5,0.145,0.269,0.08,0.5833333333333334
U058,P112,fixed_income,R2,0.026,0.022,0.5329,1.7142857142857146
U058,P115,fixed_income,R2,0.027,0.025,0.4671,1.7142857142857146
U059,P096,alternative_assets,R1,0.051,0.038,0.1111,5.0
U059,P066,equities,R1,0.051,0.038,0.1111,5.0
U059,P036,alternative_assets,R1,0.051,0.038,0.1111,5.0
U059,P026,equities,R1,0.051,0.038,0.1111,5.0
U059,P046,equities,R1,0.051,0.038,0.1111,5.0
U059,P006,equities,R1,0.051,0.038,0.1111,5.0
U059,P016,alternative_assets,R1,0.051,0.038,0.1111,5.0
U059,P056,alternative_assets,R1,0.051,0.038,0.1111,5.0
U059,P076,alternative_assets,R1,0.051,0.038,0.1111,5.0
U060,P010,equities,R5,0.145,0.269,0.1516,0.5000000000000001
U060,P070,equities,R5,0.145,0.269,0.1516,0.5000000000000001
U060,P019,cash_equivalents,R4,0.063,0.052,0.1059,0.5000000000000001
U060,P079,cash_equivalents,R4,0.063,0.052,0.1059,0.5000000000000001
U060,P049,fixed_income,R4,0.063,0.052,0.1059,0.5000000000000001
U060,P100,alternative_assets,R5,0.145,0.269,0.084,0.5000000000000001
U060,P040,alternative_assets,R5,0.145,0.269,0.084,0.5000000000000001
U060,P073,fixed_income,R3,0.123,0.227,0.0704,0.5000000000000001
U060,P043,cash_equivalents,R3,0.123,0.227,0.0704,0.5000000000000001
U060,P013,fixed_income,R3,0.123,0.227,0.0704,0.5000000000000001
U061,P079,cash_equivalents,R4,0.063,0.052,0.1639,0.8333333333333335
U061,P019,cash_equivalents,R4,0.063,0.052,0.1639,0.8333333333333335
U061,P049,fixed_income,R4,0.063,0.052,0.1639,0.8333333333333335
U061,P040,alternative_assets,R5,0.145,0.269,0.08,0.8333333333333335
U061,P070,equities,R5,0.145,0.269,0.08,0.8333333333333335
U061,P010,equities,R5,0.145,0.269,0.08,0.8333333333333335
U061,P100,alternative_assets,R5,0.145,0.269,0.08,0.8333333333333335
U061,P013,fixed_income,R3,0.123,0.227,0.0627,0.8333333333333335
U061,P043,cash_equivalents,R3,0.123,0.227,0.0627,0.8333333333333335
U061,P073,fixed_income,R3,0.123,0.227,0.0627,0.8333333333333335
U062,P112,fixed_income,R2,0.026,0.022,0.5329,2.228571428571429
U062,P115,fixed_income,R2,0.027,0.025,0.4671,2.228571428571429
U063,P046,equities,R1,0.051,0.038,0.3333,4.752000000000002
U063,P076,alternative_assets,R1,0.051,0.038,0.3333,4.752000000000002
U063,P016,alternative_assets,R1,0.051,0.038,0.3333,4.752000000000002
U064,P113,cash_equivalents,R2,0.014,0.003,0.1462,2.0000000000000004
U064,P116,cash_equivalents,R2,0.012,0.003,0.132,2.0000000000000004
U064,P118,cash_equivalents,R2,0.011,0.002,0.1281,2.0000000000000004
U064,P082,equities,R2,0.085,0.153,0.0886,2.0000000000000004
U064,P052,alternative_assets,R2,0.085,0.153,0.0886,2.0000000000000004
U064,P022,equities,R2,0.085,0.153,0.0886,2.0000000000000004
U064,P037,fixed_income,R2,0.102,0.185,0.0819,2.0000000000000004
U064,P007,cash_equivalents,R2,0.102,0.185,0.0819,2.0000000000000004
U064,P067,cash_equivalents,R2,0.102,0.185,0.0819,2.0000000000000004
U064,P097,fixed_income,R2,0.102,0.185,0.0819,2.0000000000000004
U066,P096,alternative_assets,R1,0.051,0.038,0.1111,5.0
U066,P046,equities,R1,0.051,0.038,0.1111,5.0
U066,P006,equities,R1,0.051,0.038,0.1111,5.0
U066,P036,alternative_assets,R1,0.051,0.038,0.1111,5.0
U066,P076,alternative_assets,R1,0.051,0.038,0.1111,5.0
U066,P056,alternative_assets,R1,0.051,0.038,0.1111,5.0
U066,P026,equities,R1,0.051,0.038,0.1111,5.0
U066,P066,equities,R1,0.051,0.038,0.1111,5.0
U066,P016,alternative_assets,R1,0.051,0.038,0.1111,5.0
U067,P112,fixed_income,R2,0.026,0.022,0.5329,2.0000000000000004
U067,P115,fixed_income,R2,0.027,0.025,0.4671,2.0000000000000004
U068,P019,cash_equivalents,R4,0.063,0.052,0.164,0.9285714285714287
U068,P079,cash_equivalents,R4,0.063,0.052,0.164,0.9285714285714287
U068,P049,fixed_income,R4,0.063,0.052,0.164,0.9285714285714287
U068,P010,equities,R5,0.145,0.269,0.0797,0.9285714285714287
U068,P100,alternative_assets,R5,0.145,0.269,0.0797,0.9285714285714287
U068,P070,equities,R5,0.145,0.269,0.0797,0.9285714285714287
U068,P040,alternative_assets,R5,0.145,0.269,0.0797,0.9285714285714287
U068,P073,fixed_income,R3,0.123,0.227,0.0631,0.9285714285714287
U068,P043,cash_equivalents,R3,0.123,0.227,0.0631,0.9285714285714287
U068,P013,fixed_income,R3,0.123,0.227,0.0631,0.9285714285714287
U069,P010,equities,R5,0.145,0.269,0.1696,0.8750000000000001
U069,P019,cash_equivalents,R4,0.063,0.052,0.1564,0.8750000000000001
U069,P079,cash_equivalents,R4,0.063,0.052,0.1564,0.8750000000000001
U069,P100,alternative_assets,R5,0.145,0.269,0.0901,0.8750000000000001
U069,P040,alternative_assets,R5,0.145,0.269,0.0901,0.8750000000000001
U069,P073,fixed_income,R3,0.123,0.227,0.0735,0.8750000000000001
U069,P013,fixed_income,R3,0.123,0.227,0.0735,0.8750000000000001
U069,P043,cash_equivalents,R3,0.123,0.227,0.0735,0.8750000000000001
U069,P034,equities,R4,0.028,0.005,0.0585,0.8750000000000001
U069,P094,equities,R4,0.028,0.005,0.0585,0.8750000000000001
U070,P112,fixed_income,R2,0.026,0.022,0.5329,1.7142857142857146
U070,P115,fixed_income,R2,0.027,0.025,0.4671,1.7142857142857146
U071,P096,alternative_assets,R1,0.051,0.038,0.1111,5.0
U071,P046,equities,R1,0.051,0.038,0.1111,5.0
U071,P006,equities,R1,0.051,0.038,0.1111,5.0
U071,P036,alternative_assets,R1,0.051,0.038,0.1111,5.0
U071,P076,alternative_assets,R1,0.051,0.038,0.1111,5.0
U071,P056,alternative_assets,R1,0.051,0.038,0.1111,5.0
U071,P026,equities,R1,0.051,0.038,0.1111,5.0
U071,P066,equities,R1,0.051,0.038,0.1111,5.0
U071,P016,alternative_assets,R1,0.051,0.038,0.1111,5.0
U072,P016,alternative_assets,R1,0.051,0.038,0.3333,4.320000000000001
U072,P046,equities,R1,0.051,0.038,0.3333,4.320000000000001
U072,P076,alternative_assets,R1,0.051,0.038,0.3333,4.320000000000001
U073,P113,cash_equivalents,R2,0.014,0.003,0.1217,2.228571428571429
U073,P116,cash_equivalents,R2,0.012,0.003,0.1044,2.228571428571429
U073,P082,equities,R2,0.085,0.153,0.0996,2.228571428571429
U073,P052,alternative_assets,R2,0.085,0.153,0.0996,2.228571428571429
U073,P022,equities,R2,0.085,0.153,0.0996,2.228571428571429
U073,P118,cash_equivalents,R2,0.011,0.002,0.0995,2.228571428571429
U073,P037,fixed_income,R2,0.102,0.185,0.0939,2.228571428571429
U073,P067,cash_equivalents,R2,0.102,0.185,0.0939,2.228571428571429
U073,P097,fixed_income,R2,0.102,0.185,0.0939,2.228571428571429
U073,P007,cash_equivalents,R2,0.102,0.185,0.0939,2.228571428571429
U074,P019,cash_equivalents,R4,0.063,0.052,0.1746,0.7000000000000002
U074,P049,fixed_income,R4,0.063,0.052,0.1746,0.7000000000000002
U074,P079,cash_equivalents,R4,0.063,0.052,0.1746,0.7000000000000002
U074,P070,equities,R5,0.145,0.269,0.1584,0.7000000000000002
U074,P010,equities,R5,0.145,0.269,0.1584,0.7000000000000002
U074,P040,alternative_assets,R5,0.145,0.269,0.0798,0.7000000000000002
U074,P100,alternative_assets,R5,0.145,0.269,0.0798,0.7000000000000002
U075,P112,fixed_income,R2,0.026,0.022,0.5329,1.7142857142857146
U075,P115,fixed_income,R2,0.027,0.025,0.4671,1.7142857142857146
U076,P036,alternative_assets,R1,0.051,0.038,0.1111,5.0
U076,P056,alternative_assets,R1,0.051,0.038,0.1111,5.0
U076,P006,equities,R1,0.051,0.038,0.1111,5.0
U076,P046,equities,R1,0.051,0.038,0.1111,5.0
U076,P076,alternative_assets,R1,0.051,0.038,0.1111,5.0
U076,P096,alternative_assets,R1,0.051,0.038,0.1111,5.0
U076,P026,equities,R1,0.051,0.038,0.1111,5.0
U076,P016,alternative_assets,R1,0.051,0.038,0.1111,5.0
U076,P066,equities,R1,0.051,0.038,0.1111,5.0
U077,P079,cash_equivalents,R4,0.063,0.052,0.1621,0.5833333333333334
U077,P049,fixed_income,R4,0.063,0.052,0.1621,0.5833333333333334
U077,P019,cash_equivalents,R4,0.063,0.052,0.1621,0.5833333333333334
U077,P100,alternative_assets,R5,0.145,0.269,0.0756,0.5833333333333334
U077,P010,equities,R5,0.145,0.269,0.0756,0.5833333333333334
U077,P040,alternative_assets,R5,0.145,0.269,0.0756,0.5833333333333334
U077,P070,equities,R5,0.145,0.269,0.0756,0.5833333333333334
U077,P043,cash_equivalents,R3,0.123,0.227,0.0704,0.5833333333333334
U077,P073,fixed_income,R3,0.123,0.227,0.0704,0.5833333333333334
U077,P013,fixed_income,R3,0.123,0.227,0.0704,0.5833333333333334
U078,P112,fixed_income,R2,0.026,0.022,0.5329,2.228571428571429
U078,P115,fixed_income,R2,0.027,0.025,0.4671,2.228571428571429
U079,P043,cash_equivalents,R3,0.123,0.227,0.1638,0.5833333333333334
U079,P073,fixed_income,R3,0.123,0.227,0.1638,0.5833333333333334
U079,P013,fixed_income,R3,0.123,0.227,0.1638,0.5833333333333334
U079,P028,alternative_assets,R3,0.078,0.163,0.0973,0.5833333333333334
U079,P058,equities,R3,0.078,0.163,0.0973,0.5833333333333334
U079,P088,alternative_assets,R3,0.078,0.163,0.0973,0.5833333333333334
U079,P079,cash_equivalents,R4,0.063,0.052,0.0722,0.5833333333333334
U079,P049,fixed_income,R4,0.063,0.052,0.0722,0.5833333333333334
U079,P019,cash_equivalents,R4,0.063,0.052,0.0722,0.5833333333333334
U080,P016,alternative_assets,R1,0.051,0.038,0.1667,3.8400000000000007
U080,P086,equities,R1,0.051,0.038,0.1667,3.8400000000000007
U080,P056,alternative_assets,R1,0.051,0.038,0.1667,3.8400000000000007
U080,P076,alternative_assets,R1,0.051,0.038,0.1667,3.8400000000000007
U080,P046,equities,R1,0.051,0.038,0.1667,3.8400000000000007
U080,P026,equities,R1,0.051,0.038,0.1667,3.8400000000000007
U081,P096,alternative_assets,R1,0.051,0.038,0.1111,5.0
U081,P046,equities,R1,0.051,0.038,0.1111,5.0
U081,P006,equities,R1,0.051,0.038,0.1111,5.0
U081,P036,alternative_assets,R1,0.051,0.038,0.1111,5.0
U081,P076,alternative_assets,R1,0.051,0.038,0.1111,5.0
U081,P056,alternative_assets,R1,0.051,0.038,0.1111,5.0
U081,P026,equities,R1,0.051,0.038,0.1111,5.0
U081,P066,equities,R1,0.051,0.038,0.1111,5.0
U081,P016,alternative_assets,R1,0.051,0.038,0.1111,5.0
U082,P113,cash_equivalents,R2,0.014,0.003,0.1462,2.0000000000000004
U082,P116,cash_equivalents,R2,0.012,0.003,0.132,2.0000000000000004
U082,P118,cash_equivalents,R2,0.011,0.002,0.1281,2.0000000000000004
U082,P082,equities,R2,0.085,0.153,0.0886,2.0000000000000004
U082,P052,alternative_assets,R2,0.085,0.153,0.0886,2.0000000000000004
U082,P022,equities,R2,0.085,0.153,0.0886,2.0000000000000004
U082,P037,fixed_income,R2,0.102,0.185,0.0819,2.0000000000000004
U082,P007,cash_equivalents,R2,0.102,0.185,0.0819,2.0000000000000004
U082,P067,cash_equivalents,R2,0.102,0.185,0.0819,2.0000000000000004
U082,P097,fixed_income,R2,0.102,0.185,0.0819,2.0000000000000004
U083,P079,cash_equivalents,R4,0.063,0.052,0.2634,1.0
U083,P010,equities,R5,0.145,0.269,0.2399,1.0
U083,P100,alternative_assets,R5,0.145,0.269,0.1515,1.0
U083,P073,fixed_income,R3,0.123,0.227,0.1299,1.0
U083,P043,cash_equivalents,R3,0.123,0.227,0.1299,1.0
U083,P058,equities,R3,0.078,0.163,0.0854,1.0
U084,P112,fixed_income,R2,0.026,0.022,0.5331,2.6000000000000005
U084,P115,fixed_income,R2,0.027,0.025,0.4669,2.6000000000000005
U085,P026,equities,R1,0.051,0.038,0.1111,5.0
U085,P036,alternative_assets,R1,0.051,0.038,0.1111,5.0
U085,P076,alternative_assets,R1,0.051,0.038,0.1111,5.0
U085,P016,alternative_assets,R1,0.051,0.038,0.1111,5.0
U085,P046,equities,R1,0.051,0.038,0.1111,5.0
U085,P056,alternative_assets,R1,0.051,0.038,0.1111,5.0
U085,P066,equities,R1,0.051,0.038,0.1111,5.0
U085,P096,alternative_assets,R1,0.051,0.038,0.1111,5.0
U085,P006,equities,R1,0.051,0.038,0.1111,5.0
U086,P019,cash_equivalents,R4,0.063,0.052,0.1621,0.5
U086,P049,fixed_income,R4,0.063,0.052,0.1621,0.5
U086,P079,cash_equivalents,R4,0.063,0.052,0.1621,0.5
U086,P010,equities,R5,0.145,0.269,0.0756,0.5
U086,P100,alternative_assets,R5,0.145,0.269,0.0756,0.5
U086,P070,equities,R5,0.145,0.269,0.0756,0.5
U086,P040,alternative_assets,R5,0.145,0.269,0.0756,0.5
U086,P013,fixed_income,R3,0.123,0.227,0.0705,0.5
U086,P043,cash_equivalents,R3,0.123,0.227,0.0705,0.5
U086,P073,fixed_income,R3,0.123,0.227,0.0705,0.5
U087,P112,fixed_income,R2,0.026,0.022,0.5329,1.7142857142857146
U087,P115,fixed_income,R2,0.027,0.025,0.4671,1.7142857142857146
U088,P070,equities,R5,0.145,0.269,0.1498,0.7000000000000002
U088,P010,equities,R5,0.145,0.269,0.1498,0.7000000000000002
U088,P079,cash_equivalents,R4,0.063,0.052,0.1199,0.7000000000000002
U088,P019,cash_equivalents,R4,0.063,0.052,0.1199,0.7000000000000002
U088,P049,fixed_income,R4,0.063,0.052,0.1199,0.7000000000000002
U088,P040,alternative_assets,R5,0.145,0.269,0.0784,0.7000000000000002
U088,P100,alternative_assets,R5,0.145,0.269,0.0784,0.7000000000000002
U088,P013,fixed_income,R3,0.123,0.227,0.0613,0.7000000000000002
U088,P073,fixed_income,R3,0.123,0.227,0.0613,0.7000000000000002
U088,P043,cash_equivalents,R3,0.123,0.227,0.0613,0.7000000000000002
U089,P056,alternative_assets,R1,0.051,0.038,0.1667,4.320000000000001
U089,P086,equities,R1,0.051,0.038,0.1667,4.320000000000001
U089,P026,equities,R1,0.051,0.038,0.1667,4.320000000000001
U089,P076,alternative_assets,R1,0.051,0.038,0.1667,4.320000000000001
U089,P016,alternative_assets,R1,0.051,0.038,0.1667,4.320000000000001
U089,P046,equities,R1,0.051,0.038,0.1667,4.320000000000001
U090,P036,alternative_assets,R1,0.051,0.038,0.1111,5.0
U090,P056,alternative_assets,R1,0.051,0.038,0.1111,5.0
U090,P006,equities,R1,0.051,0.038,0.1111,5.0
U090,P046,equities,R1,0.051,0.038,0.1111,5.0
U090,P076,alternative_assets,R1,0.051,0.038,0.1111,5.0
U090,P096,alternative_assets,R1,0.051,0.038,0.1111,5.0
U090,P026,equities,R1,0.051,0.038,0.1111,5.0
U090,P016,alternative_assets,R1,0.051,0.038,0.1111,5.0
U090,P066,equities,R1,0.051,0.038,0.1111,5.0
U091,P113,cash_equivalents,R2,0.014,0.003,0.1204,1.2000000000000002
U091,P116,cash_equivalents,R2,0.012,0.003,0.1049,1.2000000000000002
U091,P118,cash_equivalents,R2,0.011,0.002,0.1004,1.2000000000000002
U091,P022,equities,R2,0.085,0.153,0.0992,1.2000000000000002
U091,P052,alternative_assets,R2,0.085,0.153,0.0992,1.2000000000000002
U091,P082,equities,R2,0.085,0.153,0.0992,1.2000000000000002
U091,P097,fixed_income,R2,0.102,0.185,0.0941,1.2000000000000002
U091,P037,fixed_income,R2,0.102,0.185,0.0941,1.2000000000000002
U091,P067,cash_equivalents,R2,0.102,0.185,0.0941,1.2000000000000002
U091,P007,cash_equivalents,R2,0.102,0.185,0.0941,1.2000000000000002
U092,P019,cash_equivalents,R4,0.063,0.052,0.2474,0.8750000000000001
U092,P079,cash_equivalents,R4,0.063,0.052,0.2474,0.8750000000000001
U092,P010,equities,R5,0.145,0.269,0.0927,0.8750000000000001
U092,P100,alternative_assets,R5,0.145,0.269,0.0927,0.8750000000000001
U092,P040,alternative_assets,R5,0.145,0.269,0.0927,0.8750000000000001
U092,P013,fixed_income,R3,0.123,0.227,0.0757,0.8750000000000001
U092,P073,fixed_income,R3,0.123,0.227,0.0757,0.8750000000000001
U092,P043,cash_equivalents,R3,0.123,0.227,0.0757,0.8750000000000001
U093,P112,fixed_income,R2,0.026,0.022,0.5329,2.0000000000000004
U093,P115,fixed_income,R2,0.027,0.025,0.4671,2.0000000000000004
U094,P096,alternative_assets,R1,0.051,0.038,0.1111,5.0
U094,P046,equities,R1,0.051,0.038,0.1111,5.0
U094,P006,equities,R1,0.051,0.038,0.1111,5.0
U094,P036,alternative_assets,R1,0.051,0.038,0.1111,5.0
U094,P076,alternative_assets,R1,0.051,0.038,0.1111,5.0
U094,P056,alternative_assets,R1,0.051,0.038,0.1111,5.0
U094,P026,equities,R1,0.051,0.038,0.1111,5.0
U094,P066,equities,R1,0.051,0.038,0.1111,5.0
U094,P016,alternative_assets,R1,0.051,0.038,0.1111,5.0
U095,P019,cash_equivalents,R4,0.063,0.052,0.1621,0.5
U095,P049,fixed_income,R4,0.063,0.052,0.1621,0.5
U095,P079,cash_equivalents,R4,0.063,0.052,0.1621,0.5
U095,P010,equities,R5,0.145,0.269,0.0756,0.5
U095,P100,alternative_assets,R5,0.145,0.269,0.0756,0.5
U095,P070,equities,R5,0.145,0.269,0.0756,0.5
U095,P040,alternative_assets,R5,0.145,0.269,0.0756,0.5
U095,P013,fixed_income,R3,0.123,0.227,0.0705,0.5
U095,P043,cash_equivalents,R3,0.123,0.227,0.0705,0.5
U095,P073,fixed_income,R3,0.123,0.227,0.0705,0.5
U096,P112,fixed_income,R2,0.026,0.022,0.5329,2.0000000000000004
U096,P115,fixed_income,R2,0.027,0.025,0.4671,2.0000000000000004
U097,P049,fixed_income,R4,0.063,0.052,0.1744,0.5833333333333334
U097,P019,cash_equivalents,R4,0.063,0.052,0.1744,0.5833333333333334
U097,P079,cash_equivalents,R4,0.063,0.052,0.1744,0.5833333333333334
U097,P010,equities,R5,0.145,0.269,0.1584,0.5833333333333334
U097,P070,equities,R5,0.145,0.269,0.1584,0.5833333333333334
U097,P100,alternative_assets,R5,0.145,0.269,0.08,0.5833333333333334
U097,P040,alternative_assets,R5,0.145,0.269,0.08,0.5833333333333334
U098,P016,alternative_assets,R1,0.051,0.038,0.1667,3.8400000000000007
U098,P086,equities,R1,0.051,0.038,0.1667,3.8400000000000007
U098,P056,alternative_assets,R1,0.051,0.038,0.1667,3.8400000000000007
U098,P076,alternative_assets,R1,0.051,0.038,0.1667,3.8400000000000007
U098,P046,equities,R1,0.051,0.038,0.1667,3.8400000000000007
U098,P026,equities,R1,0.051,0.038,0.1667,3.8400000000000007
U099,P113,cash_equivalents,R2,0.014,0.003,0.4086,2.4000000000000004
U099,P022,equities,R2,0.085,0.153,0.0716,2.4000000000000004
U099,P052,alternative_assets,R2,0.085,0.153,0.0716,2.4000000000000004
U099,P082,equities,R2,0.085,0.153,0.0716,2.4000000000000004
U099,P097,fixed_income,R2,0.102,0.185,0.0663,2.4000000000000004
U099,P067,cash_equivalents,R2,0.102,0.185,0.0663,2.4000000000000004
U099,P007,cash_equivalents,R2,0.102,0.185,0.0663,2.4000000000000004
U099,P037,fixed_income,R2,0.102,0.185,0.0663,2.4000000000000004
U099,P013,fixed_income,R3,0.123,0.227,0.0558,2.4000000000000004
U099,P043,cash_equivalents,R3,0.123,0.227,0.0558,2.4000000000000004
U100,P112,fixed_income,R2,0.026,0.022,0.3758,3.1200000000000006
U100,P115,fixed_income,R2,0.027,0.025,0.3135,3.1200000000000006
U100,P119,fixed_income,R2,0.028,0.027,0.3108,3.1200000000000006
